Company,Trade,Area,Phone,Email,Current Site,Demo,Status,Notes
Revived Exteriors,roofing,Chicago & Suburbs,(773) 694-4212,info@revivedexteriors.com,a free GoDaddy builder page,https://nimbus-web-studio.github.io/demos/revived-exteriors/,Draft ready,
Chicago Flat Roof Services,roofing,Chicago,(773) 562-3318,info@chicagoflatroof.com,a free Wix page,https://nimbus-web-studio.github.io/demos/chicago-flat-roof/,Draft ready,
O'Danny Boy Builders,roofing,Burr Ridge & Chicagoland,(XXX) XXX-XXXX,info@odannyboybuilders.com,a free Weebly page (with no phone number on it!),https://nimbus-web-studio.github.io/demos/odanny-boy/,Draft ready,
Artex Roofing,roofing,Chicago & Suburbs,(XXX) XXX-XXXX,info@artexroofing.com,a free Weebly page,https://nimbus-web-studio.github.io/demos/artex-roofing/,Draft ready,
Chase Roofing & Tuckpointing,roofing,Chicagoland & NW Indiana,(XXX) XXX-XXXX,info@chaseroofingchicago.com,a free Wix page,https://nimbus-web-studio.github.io/demos/chase-roofing/,Draft ready,
Metal Roofing Chicago,roofing,Chicago,(XXX) XXX-XXXX,info@metalroofingchicago.com,a free Weebly page,https://nimbus-web-studio.github.io/demos/metal-roofing-chicago/,Draft ready,
Active Masonry & Tuckpointing,roofing,Chicago & Suburbs,(XXX) XXX-XXXX,info@activemasonrychicago.com,a free Wix page,https://nimbus-web-studio.github.io/demos/active-masonry/,Draft ready,
Smart Roofers,roofing,Chicago & NW Suburbs,(XXX) XXX-XXXX,info@smartroofers.com,a free Weebly page,https://nimbus-web-studio.github.io/demos/smart-roofers/,Draft ready,
Promar Roofing,roofing,the Western Suburbs,(630) 915-7663,info@promarroofing.com,a free Weebly page,https://nimbus-web-studio.github.io/demos/promar-roofing/,Draft ready,
Adept Construction Roofing,roofing,Naperville,(630) 360-2730,info@adeptconstructionroofing.com,a free Weebly page,https://nimbus-web-studio.github.io/demos/adept-construction-roofing/,Draft ready,
Bob's Roofing Crew,roofing,Tinley Park,(708) 444-4499,info@bobsroofingcrew.com,a free Weebly page,https://nimbus-web-studio.github.io/demos/bobs-roofing-crew/,Draft ready,
Quality Masonry Construction,roofing,Hoffman Estates,(630) 398-0795,info@qualitymasonryconstruction.com,a free Weebly page,https://nimbus-web-studio.github.io/demos/quality-masonry-construction/,Draft ready,
Turo Gutters,roofing,the Northwest Side,(773) 417-9988,info@turogutters.com,a free Weebly page,https://nimbus-web-studio.github.io/demos/turo-gutters/,Draft ready,
Windycity Flat Roof Systems,roofing,Chicago,(773) 501-5501,info@windycityflatroofsystems.com,a free Wix page,https://nimbus-web-studio.github.io/demos/windycity-flat-roof-systems/,Draft ready,
Start Quality Home Inc,roofing,Elgin,(224) 769-7151,info@startqualityhome.com,a free Wix page,https://nimbus-web-studio.github.io/demos/start-quality-home/,Draft ready,
Lone Wolf Construction Co.,roofing,the Far West Suburbs,(630) 254-9928,info@lonewolfconstruction.com,a free Wix page,https://nimbus-web-studio.github.io/demos/lone-wolf-construction/,Draft ready,
Concrete & Construction Solutions,roofing,Hodgkins,(708) 970-5703,info@concreteconstructionsolutions.com,a free Wix page,https://nimbus-web-studio.github.io/demos/concrete-construction-solutions/,Draft ready,
Dream Builders Construction,roofing,the Illinois Valley,(815) 343-9252,info@dreambuildersconstruction.com,a free Wix page,https://nimbus-web-studio.github.io/demos/dream-builders-construction/,Draft ready,
DARDON Roofing Company,roofing,Chicago,(773) 384-6960,,a free Wix page,https://nimbus-web-studio.github.io/demos/dardon-roofing/,Phone/form only,
PRO Siding Chicago Inc,siding,Chicago,(773) 916-9927,info@prosidingchicago.com,a free Localo page,https://nimbus-web-studio.github.io/demos/pro-siding-chicago/,Draft ready,
"Chicago Siding, Soffit & Fascia Pros",siding,Chicago,(872) 238-1500,,a free Localo page,https://nimbus-web-studio.github.io/demos/chicago-siding-soffit-fascia-pros/,Phone/form only,
TOP Tuckpointing & Masonry Contractors,masonry,Hoffman Estates,(773) 766-5391,jtopmasonry@gmail.com,a free Localo page,https://nimbus-web-studio.github.io/demos/top-tuckpointing-masonry/,Draft ready,
Gutter Santiago Inc.,gutters,Chicago,(312) 545-4909,guttersantiago1@gmail.com,a free Localo page,https://nimbus-web-studio.github.io/demos/gutter-santiago/,Draft ready,
Gutter Cleaning 4 Less,gutters,Downers Grove,(630) 360-2829,guttercleaning4less@gmail.com,a free Wix page,https://nimbus-web-studio.github.io/demos/gutter-cleaning-4-less/,Draft ready,
Tri-County Restoration & Construction,roofing,Aurora,(630) 499-8002,TCRconstruction@outlook.com,a free Wix page,https://nimbus-web-studio.github.io/demos/tri-county-restoration-construction/,Draft ready,
Stone Brick Chimney & Tuck Pointing,masonry,Oak Park,(224) 486-2312,,a Yelp listing with no website of your own,https://nimbus-web-studio.github.io/demos/stone-brick-chimney-tuck-pointing/,Phone/form only,
JR Roofing & Home Remodeling,roofing,Northern Illinois,(XXX) XXX-XXXX,,a free Wix page,https://nimbus-web-studio.github.io/demos/jr-roofing-home-remodeling/,Phone/form only,
United Masonry and Roofing,masonry,"Portage Park, Chicago",(708) 490-7657,,a Yelp listing with no website of your own,https://nimbus-web-studio.github.io/demos/united-masonry-and-roofing/,Phone/form only,
Chicagoland Seamless Gutters and Roofing,gutters,"Norwood Park, Chicago",(773) 798-1208,,a Yelp listing with no website of your own,https://nimbus-web-studio.github.io/demos/chicagoland-seamless-gutters-and-roofing/,Phone/form only,
Dave's Seamless Gutters,gutters,Downers Grove,(630) 960-1736,,a Yelp listing with no website of your own,https://nimbus-web-studio.github.io/demos/daves-seamless-gutters/,Phone/form only,
RMK Construction,siding,Des Plaines,(773) 882-1125,,a Yelp listing with no website of your own,https://nimbus-web-studio.github.io/demos/rmk-construction/,Phone/form only,
Chicago Roofing Consultant,roofing,"West Town, Chicago",(312) 395-0975,,a Yelp listing with no website of your own,https://nimbus-web-studio.github.io/demos/chicago-roofing-consultant/,Phone/form only,
T&G Tuckpointing Inc,masonry,"Logan Square, Chicago",(773) 227-0544,,a Facebook and Instagram page with no website of your own,https://nimbus-web-studio.github.io/demos/tg-tuckpointing/,Phone/form only,
Chicago Roofing Repairs & Maintenance,roofing,"Ravenswood, Chicago",(773) 814-8898,,a Yelp listing with no website of your own,https://nimbus-web-studio.github.io/demos/chicago-roofing-repairs-and-maintenance/,Phone/form only,
Star Roofing & Siding Co.,siding,"Logan Square, Chicago",(773) 588-6550,,a Yelp listing with no website of your own,https://nimbus-web-studio.github.io/demos/star-roofing-and-siding-co/,Phone/form only,
First Siding Roofing & Windows,siding,Mount Prospect,(773) 344-0047,,a Yelp listing with no website of your own,https://nimbus-web-studio.github.io/demos/first-siding-roofing-and-windows/,Phone/form only,
"R & C Tuckpointing, Inc.",masonry,"Lakeview, Chicago",(773) 929-7565,,a Facebook page with no website of your own,https://nimbus-web-studio.github.io/demos/r-and-c-tuckpointing/,Phone/form only,
JT Roofing & Masonry,roofing,Chicagoland,(219) 318-0669,Batman832@icloud.com,a free Wix page,https://nimbus-web-studio.github.io/demos/jt-roofing-masonry/,Draft ready,
JND Enterprises,masonry,New Lenox,(815) 573-4551,NathanTheTuckpointer@gmail.com,a free Wix page,https://nimbus-web-studio.github.io/demos/jnd-enterprises/,Draft ready,
"P.E.R Gutters, LLC",gutters,North Chicago,(224) 730-6514,chrisjayala65@gmail.com,a free GoDaddy builder page,https://nimbus-web-studio.github.io/demos/per-gutters/,Draft ready,
Joel B Roofing,roofing,Joliet,(815) 671-1386,joelbroofing@gmail.com,a free Wix page,https://nimbus-web-studio.github.io/demos/joel-b-roofing/,Draft ready,
Mike's Construction Group,masonry,Niles,(708) 651-1199,mikenieradka@gmail.com,a free Wix page,https://nimbus-web-studio.github.io/demos/mikes-construction-group/,Draft ready,
Flores Construction,roofing,Elgin,(224) 232-7919,floresconstruction107@outlook.com,a Facebook page and directory listings with no website of your own,https://nimbus-web-studio.github.io/demos/flores-construction/,Draft ready,
Local Cleanups,gutters,Tinley Park,(708) 465-9961,cleanupslocal@gmail.com,a free GoDaddy builder page,https://nimbus-web-studio.github.io/demos/local-cleanups/,Draft ready,
Patriot Drywall,remodeling,Aurora & the Western Suburbs,(630) 688-2435,bobcroy@comcast.net,a free Wix page,https://nimbus-web-studio.github.io/demos/patriot-drywall/,Draft ready,
Deck & Fence Solutions LLC,deck & fence,Cicero,(708) 701-0691,deckfencesolutions@gmail.com,a Yelp listing with no website of your own,https://nimbus-web-studio.github.io/demos/deck-and-fence-solutions/,Draft ready,
ABA Decking LLC,deck & fence,Plainfield,(630) 596-7307,abadecking@gmail.com,a directory listing with no website of your own,https://nimbus-web-studio.github.io/demos/aba-decking/,Draft ready,
Peter's Quality Construction & Remodeling Inc.,remodeling,"Norwood Park, Chicago",(773) 727-1637,piotrekcich@yahoo.com,a BBB listing with no website of your own,https://nimbus-web-studio.github.io/demos/peters-quality-construction-remodeling/,Draft ready,
Sohail Quddussi Construction,remodeling,Naperville,(630) 489-8424,squddussi30@gmail.com,the city contractor list with no website of your own,https://nimbus-web-studio.github.io/demos/sohail-quddussi-construction/,Draft ready,
"OMAT Construction, Inc.",remodeling,Orland Park,(708) 928-3976,omatconstruction@comcast.net,a BBB listing with no website of your own,https://nimbus-web-studio.github.io/demos/omat-construction/,Draft ready,
"Dovinos Construction, LLC",remodeling,Bridgeview,(815) 302-6095,dovinosconstruction@gmail.com,the city contractor list with no website of your own,https://nimbus-web-studio.github.io/demos/dovinos-construction/,Draft ready,
Xpress Fence Inc,deck & fence,Downers Grove,(630) 885-1345,expressfenceinc@gmail.com,a Facebook page with no website of your own,https://nimbus-web-studio.github.io/demos/xpress-fence/,Draft ready,
Usman Construction,remodeling,Burbank,(708) 296-5757,usmanconst@hotmail.com,a BuildZoom listing with no website of your own,https://nimbus-web-studio.github.io/demos/usman-construction/,Draft ready,
Sam Lu Construction Co.,remodeling,"Bridgeport, Chicago",(312) 735-6761,samluconstruction@yahoo.com,a BBB listing with no website of your own,https://nimbus-web-studio.github.io/demos/sam-lu-construction/,Draft ready,
Fox Concrete,masonry,Aurora,(630) 417-8161,foxconcrete1999@gmail.com,the city contractor list with no website of your own,https://nimbus-web-studio.github.io/demos/fox-concrete/,Draft ready,
G&E Builders,roofing,New Lenox,(708) 372-8629,gebuild@comcast.net,a GAF directory listing with no website of your own,https://nimbus-web-studio.github.io/demos/ge-builders/,Draft ready,
Alex S Construction & Remodeling,remodeling,Bolingbrook,(872) 395-9720,alexgodonoaga29444@gmail.com,the city contractor list with no website of your own,https://nimbus-web-studio.github.io/demos/alex-s-construction-remodeling/,Draft ready,
YH Roofing,roofing,"Sauganash, Chicago",(312) 719-3462,yhroofing@hotmail.com,the city contractor list with no website of your own,https://nimbus-web-studio.github.io/demos/yh-roofing/,Draft ready,
RG Construction LLC,roofing,Aurora,(630) 312-0613,rick.rgconstructionllc@gmail.com,the city contractor list with no website of your own,https://nimbus-web-studio.github.io/demos/rg-construction/,Draft ready,
AJ Concrete of West Chicago,masonry,West Chicago,(630) 876-0867,ajconcreteofwc@yahoo.com,the city contractor list with no website of your own,https://nimbus-web-studio.github.io/demos/aj-concrete-west-chicago/,Draft ready,
JGM Concrete,masonry,Naperville,(630) 983-0926,jgmconcrete@comcast.net,the city contractor list with no website of your own,https://nimbus-web-studio.github.io/demos/jgm-concrete/,Draft ready,
Custom Concrete,masonry,Elburn,(630) 440-5052,customconcrete52@yahoo.com,the city contractor list with no website of your own,https://nimbus-web-studio.github.io/demos/custom-concrete-elburn/,Draft ready,
Innovative Concrete,masonry,Plainfield,(815) 931-8591,innovativeconcrete2023@gmail.com,the city contractor list with no website of your own,https://nimbus-web-studio.github.io/demos/innovative-concrete/,Draft ready,
Compass Fences,deck & fence,Streamwood,(224) 388-2725,compassfences@yahoo.com,the city contractor list with no website of your own,https://nimbus-web-studio.github.io/demos/compass-fences/,Draft ready,
Central Fence,deck & fence,Aurora,(630) 270-9248,llc.centralfence@gmail.com,the city contractor list with no website of your own,https://nimbus-web-studio.github.io/demos/central-fence/,Draft ready,
Excel Home Improvement,remodeling,Bolingbrook,(630) 312-8344,office.excelhomeimprovement@gmail.com,the city contractor list with no website of your own,https://nimbus-web-studio.github.io/demos/excel-home-improvement/,Draft ready,
Recon Remodeling,remodeling,Elgin,(630) 696-8871,reconremodeling@icloud.com,the city contractor list with no website of your own,https://nimbus-web-studio.github.io/demos/recon-remodeling/,Draft ready,
Timbers Edge Carpentry,remodeling,Darien,(630) 725-0973,timbersedgecarpentry@gmail.com,the city contractor list with no website of your own,https://nimbus-web-studio.github.io/demos/timbers-edge-carpentry/,Draft ready,
Kingston Builders,remodeling,Shorewood,(630) 327-9735,kingstonbuilders@aol.com,the city contractor list with no website of your own,https://nimbus-web-studio.github.io/demos/kingston-builders/,Draft ready,
Marek 4Ever Remodeling,remodeling,Niles,(312) 619-0968,marek4everremodeling@gmail.com,the city contractor list with no website of your own,https://nimbus-web-studio.github.io/demos/marek-4ever-remodeling/,Draft ready,
Kast Construction LLC,remodeling,Naperville,(331) 702-0099,kastconstructionllc@gmail.com,the city contractor list with no website of your own,https://nimbus-web-studio.github.io/demos/kast-construction/,Draft ready,
Big Sky Homes,remodeling,Geneva,(630) 457-6206,luke.bigskyhomes@gmail.com,the city contractor list with no website of your own,https://nimbus-web-studio.github.io/demos/big-sky-homes/,Draft ready,
Northwest Fence Company,deck & fence,"Romeoville, IL",(815) 836-8731,northwest.fence.company@gmail.com,the city contractor list with no website of your own,https://nimbus-web-studio.github.io/demos/northwest-fence-company/,Draft ready,
American Dream Fence,deck & fence,"Naperville, IL",(815) 726-1127,americandreamfence@gmail.com,a Facebook page only,https://nimbus-web-studio.github.io/demos/american-dream-fence/,Draft ready,
Bell Concrete,concrete,"Wayne, IL",(708) 744-9920,bellconcreteinc@gmail.com,no website yet — just word of mouth,https://nimbus-web-studio.github.io/demos/bell-concrete/,Draft ready,
AE Roofing & Siding,roofing,"Aurora, IL",(630) 264-1533,aeroofingsiding@yahoo.com,a free directory listing,https://nimbus-web-studio.github.io/demos/ae-roofing-siding/,Draft ready,
SNE Roofing,roofing,"Naperville, IL",(630) 542-1927,sneroofing@gmail.com,the city contractor list with no website of your own,https://nimbus-web-studio.github.io/demos/sne-roofing/,Draft ready,
AWM Construction,remodeling,"Streamwood, IL",(847) 514-3117,awmconstructioninc@gmail.com,a Facebook page only,https://nimbus-web-studio.github.io/demos/awm-construction/,Draft ready,
Roscommon Construction,remodeling,"Naperville, IL",(708) 951-9133,roscommonconstruction@yahoo.com,no website yet — just word of mouth,https://nimbus-web-studio.github.io/demos/roscommon-construction/,Draft ready,
Vinchery Construction,remodeling,"Elgin, IL",(630) 715-6391,vincheryconstruction@gmail.com,a free directory listing,https://nimbus-web-studio.github.io/demos/vinchery-construction/,Draft ready,
Seven Bridges Carpentry,remodeling,"St. Charles, IL",(630) 888-5634,sevenbridgescarpentry@gmail.com,the city contractor list with no website of your own,https://nimbus-web-studio.github.io/demos/seven-bridges-carpentry/,Draft ready,
Arne's Paving,concrete,"Oswego, IL",(630) 551-2561,arnespaving25@gmail.com,a Facebook page only,https://nimbus-web-studio.github.io/demos/arnes-paving/,Draft ready,
Blackstone Asphalt Paving,concrete,"East Dundee, IL",(847) 960-8338,blackstoneasphaltpaving@hotmail.com,no website yet — just word of mouth,https://nimbus-web-studio.github.io/demos/blackstone-asphalt-paving/,Draft ready,
Concrete Correctors,concrete,"Bolingbrook, IL",(847) 529-7069,concretecorrectors@gmail.com,a free directory listing,https://nimbus-web-studio.github.io/demos/concrete-correctors/,Draft ready,
Victor's Exterior,roofing,"Melrose Park, IL",(708) 475-3423,victorsexterior@gmail.com,the city contractor list with no website of your own,https://nimbus-web-studio.github.io/demos/victors-exterior/,Draft ready,
Kuo Construction,remodeling,"Chicago, IL",(312) 907-7273,kuoconstructionoffice@gmail.com,a Facebook page only,https://nimbus-web-studio.github.io/demos/kuo-construction/,Draft ready,
Gold Job Construction,remodeling,"Naperville, IL",(630) 915-4653,goldjobconstruction@gmail.com,no website yet — just word of mouth,https://nimbus-web-studio.github.io/demos/gold-job-construction/,Draft ready,
